product_id,new_price,currency,effective_date,updated_by
162,40.16,USD,2026-10-02, Ahmed 
98,228.21,USD,2026-10-08,ali
220,401.79,USD,2026-10-04, Ahmed 
153,276.07,USD,2026-10-03,ali
1,320.03,USD,2026-10-07,sara
119,-10.0,USD,2026-10-02,SARA
187,568.1,USD,2026-10-07,sara
297,84.54,USD,2026-10-08,sara
62,145.69,pkr,2026-10-05,ali
113,225.76,USD,2026-10-04,sara
76,485.01,USD,2026-10-01,ali
269,285.08,USD,2026-10-01,sara
260,395.52,USD,2026-10-04, Ahmed 
246,558.97,USD,2026-10-02,ali
208,245.44,USD,2026-10-04,SARA
191,234.33,USD,2026-10-02, Ahmed 
119,30.19,USD,2026-10-02,SARA
218,216.81,USD,2026-10-05, Ahmed 
60,358.88,USD,2026-10-04,sara
203,519.64,USD,2026-10-03,sara
198,67.41,USD,2026-10-02,sara
262,454.84,USD,2026-10-03,ali
212,607.89,USD,2026-10-01,ali
146,134.81,USD,2026-10-07,SARA
170,369.95,USD,2026-10-03,SARA
287,28.89,USD,2026-10-04,ali
199,439.32,USD,2026-10-06,ali
207,416.93,USD,2026-10-08,ali
83,24.38,USD,2026-10-06,SARA
9,158.56,USD,2026-10-08, Ahmed 
55,69.58,USD,2026-10-04,sara
213,307.05,USD,2026-10-04,sara
270,425.93,USD,2026-10-06,SARA
18,470.7,USD,2026-10-08,sara
180,444.85,USD,2026-10-02,SARA
137,86.04,USD,2026-10-07, Ahmed 
193,30.37,USD,2026-10-05,ali
78,158.97,USD,2026-10-01,sara
264,64.4,USD,2026-10-02,sara
133,269.18,USD,2026-10-08,sara
118,400.01,USD,not-a-date,sara
123,7.42,USD,2026-10-01, Ahmed 
274,119.01,USD,2026-10-01,sara
44,194.74,USD,2026-10-03, Ahmed 
115,135.79,USD,2026-10-05,sara
30,387.47,USD,2026-10-04,ali
209,97.81,USD,2026-10-02,sara
242,253.53,USD,2026-10-02,ali
7,27.33,USD,2026-10-01,ali
116,336.4,USD,2026-10-04, Ahmed 
272,129.42,USD,2026-10-06, Ahmed 
226,340.73,USD,2026-10-07,sara
100,337.12,USD,2026-10-02, Ahmed 
296,58.79,USD,2026-10-01, Ahmed 
36,106.24,USD,2026-10-04, Ahmed 
142,153.91,USD,2026-10-03,sara
196,94.58,USD,2026-10-06,sara
296,58.79,USD,2026-10-01, Ahmed 
224,322.34,USD,2026-10-02,sara
288,429.17,USD,2026-10-08,sara
48,533.79,USD,2026-10-01,sara
225,198.5,USD,2026-10-03,SARA
209,,USD,2026-10-02,sara
243,199.01,USD,2026-10-08,ali
66,384.9,USD,2026-10-05, Ahmed 
999999,119.01,USD,2026-10-01,sara
194,261.77,USD,2026-10-02,ali
102,462.87,USD,2026-10-03,SARA
25,197.51,USD,2026-10-07,SARA
4,479.54,USD,2026-10-05,ali
56,256.69,USD,2026-10-04, Ahmed 
182,395.18,USD,2026-10-04,sara
210,544.2,USD,2026-10-08,ali
294,10.66,USD,2026-10-08,SARA
62,145.69,USD,2026-10-05,ali
205,325.2,USD,2026-10-07, Ahmed 
73,206.2,USD,2026-10-08,sara
262,449.84,USD,2026-10-03,ali
81,153.79,USD,2026-10-02,SARA
277,340.64,USD,2026-10-03, Ahmed 
247,173.59,USD,2026-10-04,ali
118,400.01,USD,2026-10-07,sara
248,441.16,USD,2026-10-01, Ahmed 
158,496.98,USD,2026-10-06,ali
230,454.69,USD,2026-10-08, Ahmed 
65,158.99,USD,2026-10-02,SARA
79,230.19,USD,2026-10-05,sara
